Task ID,Epic,Task Name,Priority,Effort (hours),Owner,Status,Target Date,Dependencies,Description
S-001,Production Testing,Create Test Product Dataset,P0 - CRITICAL,2,Backend Developer,Not Started,2025-10-09,None,Compile 50+ real product URLs from 10+ e-commerce sites for testing
S-002,Production Testing,Run Comprehensive Scraper Tests,P0 - CRITICAL,4,Backend Developer,Not Started,2025-10-10,S-001,Test scraper against all products in test dataset and document success rate
S-003,Production Testing,Fix Critical Extraction Issues,P0 - CRITICAL,4-8,Backend Developer,Not Started,2025-10-11,S-002,Fix any critical bugs found during testing to achieve > 80% success rate
S-004,Production Testing,Test Alert Triggering,P0 - CRITICAL,2,Backend Developer,Not Started,2025-10-11,S-003,Test end-to-end alert flow with price drops
S-005,Production Testing,Test Notification Delivery,P0 - CRITICAL,2,Backend Developer,Not Started,2025-10-11,S-004,Test email and SMS notifications with real services
S-006,Production Deployment,Choose and Set Up Deployment Platform,P0 - CRITICAL,2,Backend Developer,Not Started,2025-10-12,None,Finalize deployment platform (Railway/Render/AWS/VPS) and create account
S-007,Production Deployment,Configure Production Environment,P0 - CRITICAL,3,Backend Developer,Not Started,2025-10-12,S-006,Set up production environment variables and configuration
S-008,Production Deployment,Set Up Production Database,P0 - CRITICAL,2,Backend Developer,Not Started,2025-10-12,S-006,Create and configure production PostgreSQL database
S-009,Production Deployment,Deploy Scraper to Production,P0 - CRITICAL,3,Backend Developer,Not Started,2025-10-13,S-007 S-008,Deploy scraper service to production with Chromium/Chrome
S-010,Production Deployment,Configure Cron Job Scheduling,P0 - CRITICAL,2,Backend Developer,Not Started,2025-10-13,S-009,Set up automated price checking to run every 6 hours
S-011,Production Deployment,Production Smoke Testing,P0 - CRITICAL,2,Backend Developer,Not Started,2025-10-13,S-010,Test scraper in production environment end-to-end
S-012,Monitoring & Observability,Set Up Error Tracking,P1 - HIGH,2,Backend Developer,Not Started,2025-10-14,S-009,Configure error monitoring service (Sentry or similar)
S-013,Monitoring & Observability,Create Health Check Endpoint,P1 - HIGH,1,Backend Developer,Not Started,2025-10-14,S-009,Add /health endpoint returning scraper status for monitoring
S-014,Monitoring & Observability,Set Up Uptime Monitoring,P1 - HIGH,1,Backend Developer,Not Started,2025-10-14,S-013,Monitor scraper uptime and health with UptimeRobot or similar
S-015,Monitoring & Observability,Configure Log Aggregation,P2 - MEDIUM,2,Backend Developer,Not Started,2025-10-15,S-009,Centralize logs for easier debugging (optional for MVP)
S-016,Performance Optimization,Optimize Puppeteer Configuration,P1 - HIGH,2,Backend Developer,Not Started,2025-10-14,S-003,Optimize browser configuration for production (headless block resources)
S-017,Performance Optimization,Implement Browser Reuse,P1 - HIGH,2,Backend Developer,Not Started,2025-10-14,S-016,Reuse browser instance across scrapes to improve performance
S-018,Performance Optimization,Add Parallel Processing,P2 - MEDIUM,3,Backend Developer,Not Started,2025-10-15,S-017,Process multiple products in parallel (optional for MVP)
S-019,Documentation,Document Production Deployment,P1 - HIGH,2,Backend Developer,Not Started,2025-10-15,S-011,Create comprehensive deployment guide with troubleshooting
S-020,Documentation,Create Operational Runbook,P2 - MEDIUM,2,Backend Developer,Not Started,2025-10-16,S-011,Document operational procedures and emergency responses
S-021,Documentation,Cleanup Test Files,P3 - LOW,1,Backend Developer,Not Started,2025-10-16,None,Organize or remove test scripts from root directory

